[{"content":"This article offers a sample of basic Markdown syntax that can be used in Hugo content files, also it shows whether basic HTML elements are decorated with CSS in a Hugo theme.\nHeadings The following HTML \u0026lt;h1\u0026gt;—\u0026lt;h6\u0026gt; elements represent six levels of section headings. \u0026lt;h1\u0026gt; is the highest section level while \u0026lt;h6\u0026gt; is the lowest.\nH1 H2 H3 H4 H5 H6 Paragraph Xerum, quo qui aut unt expliquam qui dolut labo. Aque venitatiusda cum, voluptionse latur sitiae dolessi aut parist aut dollo enim qui voluptate ma dolestendit peritin re plis aut quas inctum laceat est volestemque commosa as cus endigna tectur, offic to cor sequas etum rerum idem sintibus eiur? Quianimin porecus evelectur, cum que nis nust voloribus ratem aut omnimi, sitatur? Quiatem. Nam, omnis sum am facea corem alique molestrunt et eos evelece arcillit ut aut eos eos nus, sin conecerem erum fuga. Ri oditatquam, ad quibus unda veliamenimin cusam et facea ipsamus es exerum sitate dolores editium rerore eost, temped molorro ratiae volorro te reribus dolorer sperchicium faceata tiustia prat.\nItatur? Quiatae cullecum rem ent aut odis in re eossequodi nonsequ idebis ne sapicia is sinveli squiatum, core et que aut hariosam ex eat.\nBlockquotes The blockquote element represents content that is quoted from another source, optionally with a citation which must be within a footer or cite element, and optionally with in-line changes such as annotations and abbreviations.\nBlockquote without attribution Tiam, ad mint andaepu dandae nostion secatur sequo quae. Note that you can use Markdown syntax within a blockquote.\nBlockquote with attribution Don\u0026rsquo;t communicate by sharing memory, share memory by communicating.\n— Rob Pike1\nTables Tables aren\u0026rsquo;t part of the core Markdown spec, but Hugo supports supports them out-of-the-box.\nName Age Bob 27 Alice 23 Inline Markdown within tables Italics Bold Code italics bold code A B C D E F Lorem ipsum dolor sit amet, consectetur adipiscing elit. Phasellus ultricies, sapien non euismod aliquam, dui ligula tincidunt odio, at accumsan nulla sapien eget ex. Proin eleifend dictum ipsum, non euismod ipsum pulvinar et. Vivamus sollicitudin, quam in pulvinar aliquam, metus elit pretium purus Proin sit amet velit nec enim imperdiet vehicula. Ut bibendum vestibulum quam, eu egestas turpis gravida nec Sed scelerisque nec turpis vel viverra. Vivamus vitae pretium sapien Code Blocks Code block with backticks 1 2 3 4 5 6 7 8 9 10 \u0026lt;!doctype html\u0026gt; \u0026lt;html lang=\u0026#34;en\u0026#34;\u0026gt; \u0026lt;head\u0026gt; \u0026lt;meta charset=\u0026#34;utf-8\u0026#34;\u0026gt; \u0026lt;title\u0026gt;Example HTML5 Document\u0026lt;/title\u0026gt; \u0026lt;/head\u0026gt; \u0026lt;body\u0026gt; \u0026lt;p\u0026gt;Test\u0026lt;/p\u0026gt; \u0026lt;/body\u0026gt; \u0026lt;/html\u0026gt; Code block indented with four spaces \u0026lt;!doctype html\u0026gt; \u0026lt;html lang=\u0026quot;en\u0026quot;\u0026gt; \u0026lt;head\u0026gt; \u0026lt;meta charset=\u0026quot;utf-8\u0026quot;\u0026gt; \u0026lt;title\u0026gt;Example HTML5 Document\u0026lt;/title\u0026gt; \u0026lt;/head\u0026gt; \u0026lt;body\u0026gt; \u0026lt;p\u0026gt;Test\u0026lt;/p\u0026gt; \u0026lt;/body\u0026gt; \u0026lt;/html\u0026gt; Code block with Hugo\u0026rsquo;s internal highlight shortcode 1 2 3 4 5 6 7 8 9 10 \u0026lt;!doctype html\u0026gt; \u0026lt;html lang=\u0026#34;en\u0026#34;\u0026gt; \u0026lt;head\u0026gt; \u0026lt;meta charset=\u0026#34;utf-8\u0026#34;\u0026gt; \u0026lt;title\u0026gt;Example HTML5 Document\u0026lt;/title\u0026gt; \u0026lt;/head\u0026gt; \u0026lt;body\u0026gt; \u0026lt;p\u0026gt;Test\u0026lt;/p\u0026gt; \u0026lt;/body\u0026gt; \u0026lt;/html\u0026gt; Diff code block 1 2 3 4 5 [dependencies.bevy] git = \u0026#34;https://github.com/bevyengine/bevy\u0026#34; rev = \u0026#34;11f52b8c72fc3a568e8bb4a4cd1f3eb025ac2e13\u0026#34; - features = [\u0026#34;dynamic\u0026#34;] + features = [\u0026#34;jpeg\u0026#34;, \u0026#34;dynamic\u0026#34;] List Types Ordered List First item Second item Third item Unordered List List item Another item And another item Nested list Fruit Apple Orange Banana Dairy Milk Cheese Other Elements — abbr, sub, sup, kbd, mark GIF is a bitmap image format.\nH2O\nXn + Yn = Zn\nPress CTRL + ALT + Delete to end the session.\nMost salamanders are nocturnal, and hunt for insects, worms, and other small creatures.\nHyperlinked image The above quote is excerpted from Rob Pike\u0026rsquo;s talk during Gopherfest, November 18, 2015.\u0026#160;\u0026#x21a9;\u0026#xfe0e;\n","date":"2019-03-11T00:00:00Z","image":"http://localhost:1313/p/markdown-syntax-guide/pawel-czerwinski-8uZPynIu-rQ-unsplash_hu_e95a4276bf860a84.jpg","permalink":"http://localhost:1313/p/markdown-syntax-guide/","title":"Markdown Syntax Guide"},{"content":"Lorem est tota propiore conpellat pectoribus de pectora summo.\nRedit teque digerit hominumque toris verebor lumina non cervice subde tollit usus habet Arctonque, furores quas nec ferunt. Quoque montibus nunc caluere tempus inhospita parcite confusaque translucet patri vestro qui optatis lumine cognoscere flos nubis! Fronde ipsamque patulos Dryopen deorum.\nExierant elisi ambit vivere dedere Duce pollice Eris modo Spargitque ferrea quos palude Rursus nulli murmur; hastile inridet ut ab gravi sententia! Nomine potitus silentia flumen, sustinet placuit petis in dilapsa erat sunt. Atria tractus malis.\nComas hunc haec pietate fetum procerum dixit Post torum vates letum Tiresia Flumen querellas Arcanaque montibus omnes Quidem et Vagus elidunt The Van de Graaf Canon\nMane refeci capiebant unda mulcebat Victa caducifer, malo vulnere contra dicere aurato, ludit regale, voca! Retorsit colit est profanae esse virescere furit nec; iaculi matertera et visa est, viribus. Divesque creatis, tecta novat collumque vulnus est, parvas. Faces illo pepulere tempus adest. Tendit flamma, ab opes virum sustinet, sidus sequendo urbis.\nIubar proles corpore raptos vero auctor imperium; sed et huic: manus caeli Lelegas tu lux. Verbis obstitit intus oblectamina fixis linguisque ausus sperare Echionides cornuaque tenent clausit possit. Omnia putatur. Praeteritae refert ausus; ferebant e primus lora nutat, vici quae mea ipse. Et iter nil spectatae vulnus haerentia iuste et exercebat, sui et.\nEurytus Hector, materna ipsumque ut Politen, nec, nate, ignari, vernum cohaesit sequitur. Vel mitis temploque vocatus, inque alis, oculos nomen non silvis corpore coniunx ne displicet illa. Crescunt non unus, vidit visa quantum inmiti flumina mortis facto sic: undique a alios vincula sunt iactata abdita! Suspenderat ego fuit tendit: luna, ante urbem Propoetides parte.\n","date":"2019-03-09T00:00:00Z","image":"http://localhost:1313/p/placeholder-text/matt-le-SJSpo9hQf7s-unsplash_hu_c1ca39d792aee4ab.jpg","permalink":"http://localhost:1313/p/placeholder-text/","title":"Placeholder Text"},{"content":"Mathematical notation in a Hugo project can be enabled by using third party JavaScript libraries.\nIn this example we will be using KaTeX\nCreate a partial under /layouts/partials/math.html Within this partial reference the Auto-render Extension or host these scripts locally. Include the partial in your templates like so: 1 2 3 {{ if or .Params.math .Site.Params.math }} {{ partial \u0026#34;math.html\u0026#34; . }} {{ end }} To enable KaTeX globally set the parameter math to true in a project\u0026rsquo;s configuration To enable KaTeX on a per page basis include the parameter math: true in content files Note: Use the online reference of Supported TeX Functions\nExamples Inline math: $\\varphi = \\dfrac{1+\\sqrt5}{2}= 1.6180339887…$\n$$ \\varphi = 1+\\frac{1} {1+\\frac{1} {1+\\frac{1} {1+\\cdots} } } $$","date":"2019-03-08T00:00:00Z","permalink":"http://localhost:1313/p/math-typesetting/","title":"Math Typesetting"},{"content":"Emoji can be enabled in a Hugo project in a number of ways.\nThe emojify function can be called directly in templates or Inline Shortcodes.\nTo enable emoji globally, set enableEmoji to true in your site\u0026rsquo;s configuration and then you can type emoji shorthand codes directly in content files; e.g.\n🙈 :see_no_evil: 🙉 :hear_no_evil: 🙊 :speak_no_evil:\nThe Emoji cheat sheet is a useful reference for emoji shorthand codes.\nN.B. The above steps enable Unicode Standard emoji characters and sequences in Hugo, however the rendering of these glyphs depends on the browser and the platform. To style the emoji you can either use a third party emoji font or a font stack; e.g.\n1 2 3 .emoji { font-family: Apple Color Emoji, Segoe UI Emoji, NotoColorEmoji, Segoe UI Symbol, Android Emoji, EmojiSymbols; } ","date":"2019-03-05T00:00:00Z","image":"http://localhost:1313/p/emoji-support/the-creative-exchange-d2zvqp3fpro-unsplash_hu_27b8954607cdb515.jpg","permalink":"http://localhost:1313/p/emoji-support/","title":"Emoji Support"}]