<?xml version="1.0" encoding="utf-8" standalone="yes"?>
<rss version="2.0" xmlns:atom="http://www.w3.org/2005/Atom">
    <channel>
        <title>Example Site</title>
        <link>http://localhost:1313/</link>
        <description>Recent content on Example Site</description>
        <generator>Hugo -- gohugo.io</generator>
        <language>en</language>
        <copyright>Example Person</copyright>
        <lastBuildDate>Fri, 09 Oct 2020 00:00:00 +0000</lastBuildDate><atom:link href="http://localhost:1313/index.xml" rel="self" type="application/rss+xml" /><item>
        <title>Archives</title>
        <link>http://localhost:1313/archives/</link>
        <pubDate>Tue, 28 May 2019 00:00:00 +0000</pubDate>
        
        <guid>http://localhost:1313/archives/</guid>
        <description></description>
        </item>
        <item>
        <title>Markdown Syntax Guide</title>
        <link>http://localhost:1313/p/markdown-syntax-guide/</link>
        <pubDate>Mon, 11 Mar 2019 00:00:00 +0000</pubDate>
        
        <guid>http://localhost:1313/p/markdown-syntax-guide/</guid>
        <description>&lt;img src="http://localhost:1313/p/markdown-syntax-guide/pawel-czerwinski-8uZPynIu-rQ-unsplash.jpg" alt="Featured image of post Markdown Syntax Guide" /&gt;&lt;p&gt;This article offers a sample of basic Markdown syntax that can be used in Hugo content files, also it shows whether basic HTML elements are decorated with CSS in a Hugo theme.&lt;/p&gt;
&lt;h2 id=&#34;headings&#34;&gt;Headings
&lt;/h2&gt;&lt;p&gt;The following HTML &lt;code&gt;&amp;lt;h1&amp;gt;&lt;/code&gt;—&lt;code&gt;&amp;lt;h6&amp;gt;&lt;/code&gt; elements represent six levels of section headings. &lt;code&gt;&amp;lt;h1&amp;gt;&lt;/code&gt; is the highest section level while &lt;code&gt;&amp;lt;h6&amp;gt;&lt;/code&gt; is the lowest.&lt;/p&gt;
&lt;h1 id=&#34;h1&#34;&gt;H1
&lt;/h1&gt;&lt;h2 id=&#34;h2&#34;&gt;H2
&lt;/h2&gt;&lt;h3 id=&#34;h3&#34;&gt;H3
&lt;/h3&gt;&lt;h4 id=&#34;h4&#34;&gt;H4
&lt;/h4&gt;&lt;h5 id=&#34;h5&#34;&gt;H5
&lt;/h5&gt;&lt;h6 id=&#34;h6&#34;&gt;H6
&lt;/h6&gt;&lt;h2 id=&#34;paragraph&#34;&gt;Paragraph
&lt;/h2&gt;&lt;p&gt;Xerum, quo qui aut unt expliquam qui dolut labo. Aque venitatiusda cum, voluptionse latur sitiae dolessi aut parist aut dollo enim qui voluptate ma dolestendit peritin re plis aut quas inctum laceat est volestemque commosa as cus endigna tectur, offic to cor sequas etum rerum idem sintibus eiur? Quianimin porecus evelectur, cum que nis nust voloribus ratem aut omnimi, sitatur? Quiatem. Nam, omnis sum am facea corem alique molestrunt et eos evelece arcillit ut aut eos eos nus, sin conecerem erum fuga. Ri oditatquam, ad quibus unda veliamenimin cusam et facea ipsamus es exerum sitate dolores editium rerore eost, temped molorro ratiae volorro te reribus dolorer sperchicium faceata tiustia prat.&lt;/p&gt;
&lt;p&gt;Itatur? Quiatae cullecum rem ent aut odis in re eossequodi nonsequ idebis ne sapicia is sinveli squiatum, core et que aut hariosam ex eat.&lt;/p&gt;
&lt;h2 id=&#34;blockquotes&#34;&gt;Blockquotes
&lt;/h2&gt;&lt;p&gt;The blockquote element represents content that is quoted from another source, optionally with a citation which must be within a &lt;code&gt;footer&lt;/code&gt; or &lt;code&gt;cite&lt;/code&gt; element, and optionally with in-line changes such as annotations and abbreviations.&lt;/p&gt;
&lt;h4 id=&#34;blockquote-without-attribution&#34;&gt;Blockquote without attribution
&lt;/h4&gt;&lt;blockquote&gt;
&lt;p&gt;Tiam, ad mint andaepu dandae nostion secatur sequo quae.
&lt;strong&gt;Note&lt;/strong&gt; that you can use &lt;em&gt;Markdown syntax&lt;/em&gt; within a blockquote.&lt;/p&gt;
&lt;/blockquote&gt;
&lt;h4 id=&#34;blockquote-with-attribution&#34;&gt;Blockquote with attribution
&lt;/h4&gt;&lt;blockquote&gt;
&lt;p&gt;Don&amp;rsquo;t communicate by sharing memory, share memory by communicating.&lt;br&gt;
— &lt;cite&gt;Rob Pike&lt;sup id=&#34;fnref:1&#34;&gt;&lt;a href=&#34;#fn:1&#34; class=&#34;footnote-ref&#34; role=&#34;doc-noteref&#34;&gt;1&lt;/a&gt;&lt;/sup&gt;&lt;/cite&gt;&lt;/p&gt;
&lt;/blockquote&gt;
&lt;h2 id=&#34;tables&#34;&gt;Tables
&lt;/h2&gt;&lt;p&gt;Tables aren&amp;rsquo;t part of the core Markdown spec, but Hugo supports supports them out-of-the-box.&lt;/p&gt;
&lt;table&gt;
  &lt;thead&gt;
      &lt;tr&gt;
          &lt;th&gt;Name&lt;/th&gt;
          &lt;th&gt;Age&lt;/th&gt;
      &lt;/tr&gt;
  &lt;/thead&gt;
  &lt;tbody&gt;
      &lt;tr&gt;
          &lt;td&gt;Bob&lt;/td&gt;
          &lt;td&gt;27&lt;/td&gt;
      &lt;/tr&gt;
      &lt;tr&gt;
          &lt;td&gt;Alice&lt;/td&gt;
          &lt;td&gt;23&lt;/td&gt;
      &lt;/tr&gt;
  &lt;/tbody&gt;
&lt;/table&gt;
&lt;h4 id=&#34;inline-markdown-within-tables&#34;&gt;Inline Markdown within tables
&lt;/h4&gt;&lt;table&gt;
  &lt;thead&gt;
      &lt;tr&gt;
          &lt;th&gt;Italics&lt;/th&gt;
          &lt;th&gt;Bold&lt;/th&gt;
          &lt;th&gt;Code&lt;/th&gt;
      &lt;/tr&gt;
  &lt;/thead&gt;
  &lt;tbody&gt;
      &lt;tr&gt;
          &lt;td&gt;&lt;em&gt;italics&lt;/em&gt;&lt;/td&gt;
          &lt;td&gt;&lt;strong&gt;bold&lt;/strong&gt;&lt;/td&gt;
          &lt;td&gt;&lt;code&gt;code&lt;/code&gt;&lt;/td&gt;
      &lt;/tr&gt;
  &lt;/tbody&gt;
&lt;/table&gt;
&lt;table&gt;
  &lt;thead&gt;
      &lt;tr&gt;
          &lt;th&gt;A&lt;/th&gt;
          &lt;th&gt;B&lt;/th&gt;
          &lt;th&gt;C&lt;/th&gt;
          &lt;th&gt;D&lt;/th&gt;
          &lt;th&gt;E&lt;/th&gt;
          &lt;th&gt;F&lt;/th&gt;
      &lt;/tr&gt;
  &lt;/thead&gt;
  &lt;tbody&gt;
      &lt;tr&gt;
          &lt;td&gt;Lorem ipsum dolor sit amet, consectetur adipiscing elit.&lt;/td&gt;
          &lt;td&gt;Phasellus ultricies, sapien non euismod aliquam, dui ligula tincidunt odio, at accumsan nulla sapien eget ex.&lt;/td&gt;
          &lt;td&gt;Proin eleifend dictum ipsum, non euismod ipsum pulvinar et. Vivamus sollicitudin, quam in pulvinar aliquam, metus elit pretium purus&lt;/td&gt;
          &lt;td&gt;Proin sit amet velit nec enim imperdiet vehicula.&lt;/td&gt;
          &lt;td&gt;Ut bibendum vestibulum quam, eu egestas turpis gravida nec&lt;/td&gt;
          &lt;td&gt;Sed scelerisque nec turpis vel viverra. Vivamus vitae pretium sapien&lt;/td&gt;
      &lt;/tr&gt;
  &lt;/tbody&gt;
&lt;/table&gt;
&lt;h2 id=&#34;code-blocks&#34;&gt;Code Blocks
&lt;/h2&gt;&lt;h4 id=&#34;code-block-with-backticks&#34;&gt;Code block with backticks
&lt;/h4&gt;&lt;div class=&#34;highlight&#34;&gt;&lt;div class=&#34;chroma&#34;&gt;
&lt;table class=&#34;lntable&#34;&gt;&lt;tr&gt;&lt;td class=&#34;lntd&#34;&gt;
&lt;pre tabindex=&#34;0&#34; class=&#34;chroma&#34;&gt;&lt;code&gt;&lt;span class=&#34;lnt&#34;&gt; 1
&lt;/span&gt;&lt;span class=&#34;lnt&#34;&gt; 2
&lt;/span&gt;&lt;span class=&#34;lnt&#34;&gt; 3
&lt;/span&gt;&lt;span class=&#34;lnt&#34;&gt; 4
&lt;/span&gt;&lt;span class=&#34;lnt&#34;&gt; 5
&lt;/span&gt;&lt;span class=&#34;lnt&#34;&gt; 6
&lt;/span&gt;&lt;span class=&#34;lnt&#34;&gt; 7
&lt;/span&gt;&lt;span class=&#34;lnt&#34;&gt; 8
&lt;/span&gt;&lt;span class=&#34;lnt&#34;&gt; 9
&lt;/span&gt;&lt;span class=&#34;lnt&#34;&gt;10
&lt;/span&gt;&lt;/code&gt;&lt;/pre&gt;&lt;/td&gt;
&lt;td class=&#34;lntd&#34;&gt;
&lt;pre tabindex=&#34;0&#34; class=&#34;chroma&#34;&gt;&lt;code class=&#34;language-html&#34; data-lang=&#34;html&#34;&gt;&lt;span class=&#34;line&#34;&gt;&lt;span class=&#34;cl&#34;&gt;&lt;span class=&#34;cp&#34;&gt;&amp;lt;!doctype html&amp;gt;&lt;/span&gt;
&lt;/span&gt;&lt;/span&gt;&lt;span class=&#34;line&#34;&gt;&lt;span class=&#34;cl&#34;&gt;&lt;span class=&#34;p&#34;&gt;&amp;lt;&lt;/span&gt;&lt;span class=&#34;nt&#34;&gt;html&lt;/span&gt; &lt;span class=&#34;na&#34;&gt;lang&lt;/span&gt;&lt;span class=&#34;o&#34;&gt;=&lt;/span&gt;&lt;span class=&#34;s&#34;&gt;&amp;#34;en&amp;#34;&lt;/span&gt;&lt;span class=&#34;p&#34;&gt;&amp;gt;&lt;/span&gt;
&lt;/span&gt;&lt;/span&gt;&lt;span class=&#34;line&#34;&gt;&lt;span class=&#34;cl&#34;&gt;&lt;span class=&#34;p&#34;&gt;&amp;lt;&lt;/span&gt;&lt;span class=&#34;nt&#34;&gt;head&lt;/span&gt;&lt;span class=&#34;p&#34;&gt;&amp;gt;&lt;/span&gt;
&lt;/span&gt;&lt;/span&gt;&lt;span class=&#34;line&#34;&gt;&lt;span class=&#34;cl&#34;&gt;  &lt;span class=&#34;p&#34;&gt;&amp;lt;&lt;/span&gt;&lt;span class=&#34;nt&#34;&gt;meta&lt;/span&gt; &lt;span class=&#34;na&#34;&gt;charset&lt;/span&gt;&lt;span class=&#34;o&#34;&gt;=&lt;/span&gt;&lt;span class=&#34;s&#34;&gt;&amp;#34;utf-8&amp;#34;&lt;/span&gt;&lt;span class=&#34;p&#34;&gt;&amp;gt;&lt;/span&gt;
&lt;/span&gt;&lt;/span&gt;&lt;span class=&#34;line&#34;&gt;&lt;span class=&#34;cl&#34;&gt;  &lt;span class=&#34;p&#34;&gt;&amp;lt;&lt;/span&gt;&lt;span class=&#34;nt&#34;&gt;title&lt;/span&gt;&lt;span class=&#34;p&#34;&gt;&amp;gt;&lt;/span&gt;Example HTML5 Document&lt;span class=&#34;p&#34;&gt;&amp;lt;/&lt;/span&gt;&lt;span class=&#34;nt&#34;&gt;title&lt;/span&gt;&lt;span class=&#34;p&#34;&gt;&amp;gt;&lt;/span&gt;
&lt;/span&gt;&lt;/span&gt;&lt;span class=&#34;line&#34;&gt;&lt;span class=&#34;cl&#34;&gt;&lt;span class=&#34;p&#34;&gt;&amp;lt;/&lt;/span&gt;&lt;span class=&#34;nt&#34;&gt;head&lt;/span&gt;&lt;span class=&#34;p&#34;&gt;&amp;gt;&lt;/span&gt;
&lt;/span&gt;&lt;/span&gt;&lt;span class=&#34;line&#34;&gt;&lt;span class=&#34;cl&#34;&gt;&lt;span class=&#34;p&#34;&gt;&amp;lt;&lt;/span&gt;&lt;span class=&#34;nt&#34;&gt;body&lt;/span&gt;&lt;span class=&#34;p&#34;&gt;&amp;gt;&lt;/span&gt;
&lt;/span&gt;&lt;/span&gt;&lt;span class=&#34;line&#34;&gt;&lt;span class=&#34;cl&#34;&gt;  &lt;span class=&#34;p&#34;&gt;&amp;lt;&lt;/span&gt;&lt;span class=&#34;nt&#34;&gt;p&lt;/span&gt;&lt;span class=&#34;p&#34;&gt;&amp;gt;&lt;/span&gt;Test&lt;span class=&#34;p&#34;&gt;&amp;lt;/&lt;/span&gt;&lt;span class=&#34;nt&#34;&gt;p&lt;/span&gt;&lt;span class=&#34;p&#34;&gt;&amp;gt;&lt;/span&gt;
&lt;/span&gt;&lt;/span&gt;&lt;span class=&#34;line&#34;&gt;&lt;span class=&#34;cl&#34;&gt;&lt;span class=&#34;p&#34;&gt;&amp;lt;/&lt;/span&gt;&lt;span class=&#34;nt&#34;&gt;body&lt;/span&gt;&lt;span class=&#34;p&#34;&gt;&amp;gt;&lt;/span&gt;
&lt;/span&gt;&lt;/span&gt;&lt;span class=&#34;line&#34;&gt;&lt;span class=&#34;cl&#34;&gt;&lt;span class=&#34;p&#34;&gt;&amp;lt;/&lt;/span&gt;&lt;span class=&#34;nt&#34;&gt;html&lt;/span&gt;&lt;span class=&#34;p&#34;&gt;&amp;gt;&lt;/span&gt;
&lt;/span&gt;&lt;/span&gt;&lt;/code&gt;&lt;/pre&gt;&lt;/td&gt;&lt;/tr&gt;&lt;/table&gt;
&lt;/div&gt;
&lt;/div&gt;&lt;h4 id=&#34;code-block-indented-with-four-spaces&#34;&gt;Code block indented with four spaces
&lt;/h4&gt;&lt;pre&gt;&lt;code&gt;&amp;lt;!doctype html&amp;gt;
&amp;lt;html lang=&amp;quot;en&amp;quot;&amp;gt;
&amp;lt;head&amp;gt;
  &amp;lt;meta charset=&amp;quot;utf-8&amp;quot;&amp;gt;
  &amp;lt;title&amp;gt;Example HTML5 Document&amp;lt;/title&amp;gt;
&amp;lt;/head&amp;gt;
&amp;lt;body&amp;gt;
  &amp;lt;p&amp;gt;Test&amp;lt;/p&amp;gt;
&amp;lt;/body&amp;gt;
&amp;lt;/html&amp;gt;
&lt;/code&gt;&lt;/pre&gt;
&lt;h4 id=&#34;code-block-with-hugos-internal-highlight-shortcode&#34;&gt;Code block with Hugo&amp;rsquo;s internal highlight shortcode
&lt;/h4&gt;&lt;div class=&#34;highlight&#34;&gt;&lt;div class=&#34;chroma&#34;&gt;
&lt;table class=&#34;lntable&#34;&gt;&lt;tr&gt;&lt;td class=&#34;lntd&#34;&gt;
&lt;pre tabindex=&#34;0&#34; class=&#34;chroma&#34;&gt;&lt;code&gt;&lt;span class=&#34;lnt&#34;&gt; 1
&lt;/span&gt;&lt;span class=&#34;lnt&#34;&gt; 2
&lt;/span&gt;&lt;span class=&#34;lnt&#34;&gt; 3
&lt;/span&gt;&lt;span class=&#34;lnt&#34;&gt; 4
&lt;/span&gt;&lt;span class=&#34;lnt&#34;&gt; 5
&lt;/span&gt;&lt;span class=&#34;lnt&#34;&gt; 6
&lt;/span&gt;&lt;span class=&#34;lnt&#34;&gt; 7
&lt;/span&gt;&lt;span class=&#34;lnt&#34;&gt; 8
&lt;/span&gt;&lt;span class=&#34;lnt&#34;&gt; 9
&lt;/span&gt;&lt;span class=&#34;lnt&#34;&gt;10
&lt;/span&gt;&lt;/code&gt;&lt;/pre&gt;&lt;/td&gt;
&lt;td class=&#34;lntd&#34;&gt;
&lt;pre tabindex=&#34;0&#34; class=&#34;chroma&#34;&gt;&lt;code class=&#34;language-html&#34; data-lang=&#34;html&#34;&gt;&lt;span class=&#34;line&#34;&gt;&lt;span class=&#34;cl&#34;&gt;&lt;span class=&#34;cp&#34;&gt;&amp;lt;!doctype html&amp;gt;&lt;/span&gt;
&lt;/span&gt;&lt;/span&gt;&lt;span class=&#34;line&#34;&gt;&lt;span class=&#34;cl&#34;&gt;&lt;span class=&#34;p&#34;&gt;&amp;lt;&lt;/span&gt;&lt;span class=&#34;nt&#34;&gt;html&lt;/span&gt; &lt;span class=&#34;na&#34;&gt;lang&lt;/span&gt;&lt;span class=&#34;o&#34;&gt;=&lt;/span&gt;&lt;span class=&#34;s&#34;&gt;&amp;#34;en&amp;#34;&lt;/span&gt;&lt;span class=&#34;p&#34;&gt;&amp;gt;&lt;/span&gt;
&lt;/span&gt;&lt;/span&gt;&lt;span class=&#34;line&#34;&gt;&lt;span class=&#34;cl&#34;&gt;&lt;span class=&#34;p&#34;&gt;&amp;lt;&lt;/span&gt;&lt;span class=&#34;nt&#34;&gt;head&lt;/span&gt;&lt;span class=&#34;p&#34;&gt;&amp;gt;&lt;/span&gt;
&lt;/span&gt;&lt;/span&gt;&lt;span class=&#34;line&#34;&gt;&lt;span class=&#34;cl&#34;&gt;  &lt;span class=&#34;p&#34;&gt;&amp;lt;&lt;/span&gt;&lt;span class=&#34;nt&#34;&gt;meta&lt;/span&gt; &lt;span class=&#34;na&#34;&gt;charset&lt;/span&gt;&lt;span class=&#34;o&#34;&gt;=&lt;/span&gt;&lt;span class=&#34;s&#34;&gt;&amp;#34;utf-8&amp;#34;&lt;/span&gt;&lt;span class=&#34;p&#34;&gt;&amp;gt;&lt;/span&gt;
&lt;/span&gt;&lt;/span&gt;&lt;span class=&#34;line&#34;&gt;&lt;span class=&#34;cl&#34;&gt;  &lt;span class=&#34;p&#34;&gt;&amp;lt;&lt;/span&gt;&lt;span class=&#34;nt&#34;&gt;title&lt;/span&gt;&lt;span class=&#34;p&#34;&gt;&amp;gt;&lt;/span&gt;Example HTML5 Document&lt;span class=&#34;p&#34;&gt;&amp;lt;/&lt;/span&gt;&lt;span class=&#34;nt&#34;&gt;title&lt;/span&gt;&lt;span class=&#34;p&#34;&gt;&amp;gt;&lt;/span&gt;
&lt;/span&gt;&lt;/span&gt;&lt;span class=&#34;line&#34;&gt;&lt;span class=&#34;cl&#34;&gt;&lt;span class=&#34;p&#34;&gt;&amp;lt;/&lt;/span&gt;&lt;span class=&#34;nt&#34;&gt;head&lt;/span&gt;&lt;span class=&#34;p&#34;&gt;&amp;gt;&lt;/span&gt;
&lt;/span&gt;&lt;/span&gt;&lt;span class=&#34;line&#34;&gt;&lt;span class=&#34;cl&#34;&gt;&lt;span class=&#34;p&#34;&gt;&amp;lt;&lt;/span&gt;&lt;span class=&#34;nt&#34;&gt;body&lt;/span&gt;&lt;span class=&#34;p&#34;&gt;&amp;gt;&lt;/span&gt;
&lt;/span&gt;&lt;/span&gt;&lt;span class=&#34;line&#34;&gt;&lt;span class=&#34;cl&#34;&gt;  &lt;span class=&#34;p&#34;&gt;&amp;lt;&lt;/span&gt;&lt;span class=&#34;nt&#34;&gt;p&lt;/span&gt;&lt;span class=&#34;p&#34;&gt;&amp;gt;&lt;/span&gt;Test&lt;span class=&#34;p&#34;&gt;&amp;lt;/&lt;/span&gt;&lt;span class=&#34;nt&#34;&gt;p&lt;/span&gt;&lt;span class=&#34;p&#34;&gt;&amp;gt;&lt;/span&gt;
&lt;/span&gt;&lt;/span&gt;&lt;span class=&#34;line&#34;&gt;&lt;span class=&#34;cl&#34;&gt;&lt;span class=&#34;p&#34;&gt;&amp;lt;/&lt;/span&gt;&lt;span class=&#34;nt&#34;&gt;body&lt;/span&gt;&lt;span class=&#34;p&#34;&gt;&amp;gt;&lt;/span&gt;
&lt;/span&gt;&lt;/span&gt;&lt;span class=&#34;line&#34;&gt;&lt;span class=&#34;cl&#34;&gt;&lt;span class=&#34;p&#34;&gt;&amp;lt;/&lt;/span&gt;&lt;span class=&#34;nt&#34;&gt;html&lt;/span&gt;&lt;span class=&#34;p&#34;&gt;&amp;gt;&lt;/span&gt;&lt;/span&gt;&lt;/span&gt;&lt;/code&gt;&lt;/pre&gt;&lt;/td&gt;&lt;/tr&gt;&lt;/table&gt;
&lt;/div&gt;
&lt;/div&gt;
&lt;h4 id=&#34;diff-code-block&#34;&gt;Diff code block
&lt;/h4&gt;&lt;div class=&#34;highlight&#34;&gt;&lt;div class=&#34;chroma&#34;&gt;
&lt;table class=&#34;lntable&#34;&gt;&lt;tr&gt;&lt;td class=&#34;lntd&#34;&gt;
&lt;pre tabindex=&#34;0&#34; class=&#34;chroma&#34;&gt;&lt;code&gt;&lt;span class=&#34;lnt&#34;&gt;1
&lt;/span&gt;&lt;span class=&#34;lnt&#34;&gt;2
&lt;/span&gt;&lt;span class=&#34;lnt&#34;&gt;3
&lt;/span&gt;&lt;span class=&#34;lnt&#34;&gt;4
&lt;/span&gt;&lt;span class=&#34;lnt&#34;&gt;5
&lt;/span&gt;&lt;/code&gt;&lt;/pre&gt;&lt;/td&gt;
&lt;td class=&#34;lntd&#34;&gt;
&lt;pre tabindex=&#34;0&#34; class=&#34;chroma&#34;&gt;&lt;code class=&#34;language-diff&#34; data-lang=&#34;diff&#34;&gt;&lt;span class=&#34;line&#34;&gt;&lt;span class=&#34;cl&#34;&gt;[dependencies.bevy]
&lt;/span&gt;&lt;/span&gt;&lt;span class=&#34;line&#34;&gt;&lt;span class=&#34;cl&#34;&gt;git = &amp;#34;https://github.com/bevyengine/bevy&amp;#34;
&lt;/span&gt;&lt;/span&gt;&lt;span class=&#34;line&#34;&gt;&lt;span class=&#34;cl&#34;&gt;rev = &amp;#34;11f52b8c72fc3a568e8bb4a4cd1f3eb025ac2e13&amp;#34;
&lt;/span&gt;&lt;/span&gt;&lt;span class=&#34;line&#34;&gt;&lt;span class=&#34;cl&#34;&gt;&lt;span class=&#34;gd&#34;&gt;- features = [&amp;#34;dynamic&amp;#34;]
&lt;/span&gt;&lt;/span&gt;&lt;/span&gt;&lt;span class=&#34;line&#34;&gt;&lt;span class=&#34;cl&#34;&gt;&lt;span class=&#34;gd&#34;&gt;&lt;/span&gt;&lt;span class=&#34;gi&#34;&gt;+ features = [&amp;#34;jpeg&amp;#34;, &amp;#34;dynamic&amp;#34;]
&lt;/span&gt;&lt;/span&gt;&lt;/span&gt;&lt;/code&gt;&lt;/pre&gt;&lt;/td&gt;&lt;/tr&gt;&lt;/table&gt;
&lt;/div&gt;
&lt;/div&gt;&lt;h2 id=&#34;list-types&#34;&gt;List Types
&lt;/h2&gt;&lt;h4 id=&#34;ordered-list&#34;&gt;Ordered List
&lt;/h4&gt;&lt;ol&gt;
&lt;li&gt;First item&lt;/li&gt;
&lt;li&gt;Second item&lt;/li&gt;
&lt;li&gt;Third item&lt;/li&gt;
&lt;/ol&gt;
&lt;h4 id=&#34;unordered-list&#34;&gt;Unordered List
&lt;/h4&gt;&lt;ul&gt;
&lt;li&gt;List item&lt;/li&gt;
&lt;li&gt;Another item&lt;/li&gt;
&lt;li&gt;And another item&lt;/li&gt;
&lt;/ul&gt;
&lt;h4 id=&#34;nested-list&#34;&gt;Nested list
&lt;/h4&gt;&lt;ul&gt;
&lt;li&gt;Fruit
&lt;ul&gt;
&lt;li&gt;Apple&lt;/li&gt;
&lt;li&gt;Orange&lt;/li&gt;
&lt;li&gt;Banana&lt;/li&gt;
&lt;/ul&gt;
&lt;/li&gt;
&lt;li&gt;Dairy
&lt;ul&gt;
&lt;li&gt;Milk&lt;/li&gt;
&lt;li&gt;Cheese&lt;/li&gt;
&lt;/ul&gt;
&lt;/li&gt;
&lt;/ul&gt;
&lt;h2 id=&#34;other-elements--abbr-sub-sup-kbd-mark&#34;&gt;Other Elements — abbr, sub, sup, kbd, mark
&lt;/h2&gt;&lt;p&gt;&lt;abbr title=&#34;Graphics Interchange Format&#34;&gt;GIF&lt;/abbr&gt; is a bitmap image format.&lt;/p&gt;
&lt;p&gt;H&lt;sub&gt;2&lt;/sub&gt;O&lt;/p&gt;
&lt;p&gt;X&lt;sup&gt;n&lt;/sup&gt; + Y&lt;sup&gt;n&lt;/sup&gt; = Z&lt;sup&gt;n&lt;/sup&gt;&lt;/p&gt;
&lt;p&gt;Press &lt;kbd&gt;CTRL&lt;/kbd&gt; + &lt;kbd&gt;ALT&lt;/kbd&gt; + &lt;kbd&gt;Delete&lt;/kbd&gt; to end the session.&lt;/p&gt;
&lt;p&gt;Most &lt;mark&gt;salamanders&lt;/mark&gt; are nocturnal, and hunt for insects, worms, and other small creatures.&lt;/p&gt;
&lt;h2 id=&#34;hyperlinked-image&#34;&gt;Hyperlinked image
&lt;/h2&gt;&lt;p&gt;&lt;a class=&#34;link&#34; href=&#34;https://google.com&#34;  target=&#34;_blank&#34; rel=&#34;noopener&#34;
    &gt;&lt;img src=&#34;https://www.google.com/images/branding/googlelogo/1x/googlelogo_light_color_272x92dp.png&#34;
	
	
	
	loading=&#34;lazy&#34;
	
		alt=&#34;Google&#34;
	
	
&gt;&lt;/a&gt;&lt;/p&gt;
&lt;div class=&#34;footnotes&#34; role=&#34;doc-endnotes&#34;&gt;
&lt;hr&gt;
&lt;ol&gt;
&lt;li id=&#34;fn:1&#34;&gt;
&lt;p&gt;The above quote is excerpted from Rob Pike&amp;rsquo;s &lt;a class=&#34;link&#34; href=&#34;https://www.youtube.com/watch?v=PAAkCSZUG1c&#34;  target=&#34;_blank&#34; rel=&#34;noopener&#34;
    &gt;talk&lt;/a&gt; during Gopherfest, November 18, 2015.&amp;#160;&lt;a href=&#34;#fnref:1&#34; class=&#34;footnote-backref&#34; role=&#34;doc-backlink&#34;&gt;&amp;#x21a9;&amp;#xfe0e;&lt;/a&gt;&lt;/p&gt;
&lt;/li&gt;
&lt;/ol&gt;
&lt;/div&gt;</description>
        </item>
        <item>
        <title>Placeholder Text</title>
        <link>http://localhost:1313/p/placeholder-text/</link>
        <pubDate>Sat, 09 Mar 2019 00:00:00 +0000</pubDate>
        
        <guid>http://localhost:1313/p/placeholder-text/</guid>
        <description>&lt;img src="http://localhost:1313/p/placeholder-text/matt-le-SJSpo9hQf7s-unsplash.jpg" alt="Featured image of post Placeholder Text" /&gt;&lt;p&gt;Lorem est tota propiore conpellat pectoribus de pectora summo.&lt;/p&gt;
&lt;p&gt;Redit teque digerit hominumque toris verebor lumina non cervice subde tollit usus habet Arctonque, furores quas nec ferunt. Quoque montibus nunc caluere tempus inhospita parcite confusaque translucet patri vestro qui optatis lumine cognoscere flos nubis! Fronde ipsamque patulos Dryopen deorum.&lt;/p&gt;
&lt;ol&gt;
&lt;li&gt;Exierant elisi ambit vivere dedere&lt;/li&gt;
&lt;li&gt;Duce pollice&lt;/li&gt;
&lt;li&gt;Eris modo&lt;/li&gt;
&lt;li&gt;Spargitque ferrea quos palude&lt;/li&gt;
&lt;/ol&gt;
&lt;p&gt;Rursus nulli murmur; hastile inridet ut ab gravi sententia! Nomine potitus silentia flumen, sustinet placuit petis in dilapsa erat sunt. Atria tractus malis.&lt;/p&gt;
&lt;ol&gt;
&lt;li&gt;Comas hunc haec pietate fetum procerum dixit&lt;/li&gt;
&lt;li&gt;Post torum vates letum Tiresia&lt;/li&gt;
&lt;li&gt;Flumen querellas&lt;/li&gt;
&lt;li&gt;Arcanaque montibus omnes&lt;/li&gt;
&lt;li&gt;Quidem et&lt;/li&gt;
&lt;/ol&gt;
&lt;h1 id=&#34;vagus-elidunt&#34;&gt;Vagus elidunt
&lt;/h1&gt;&lt;p&gt;&lt;svg class=&#34;canon&#34; xmlns=&#34;http://www.w3.org/2000/svg&#34; overflow=&#34;visible&#34; viewBox=&#34;0 0 496 373&#34; height=&#34;373&#34; width=&#34;496&#34;&gt;&lt;g fill=&#34;none&#34;&gt;&lt;path stroke=&#34;#000&#34; stroke-width=&#34;.75&#34; d=&#34;M.599 372.348L495.263 1.206M.312.633l494.95 370.853M.312 372.633L247.643.92M248.502.92l246.76 370.566M330.828 123.869V1.134M330.396 1.134L165.104 124.515&#34;&gt;&lt;/path&gt;&lt;path stroke=&#34;#ED1C24&#34; stroke-width=&#34;.75&#34; d=&#34;M275.73 41.616h166.224v249.05H275.73zM54.478 41.616h166.225v249.052H54.478z&#34;&gt;&lt;/path&gt;&lt;path stroke=&#34;#000&#34; stroke-width=&#34;.75&#34; d=&#34;M.479.375h495v372h-495zM247.979.875v372&#34;&gt;&lt;/path&gt;&lt;ellipse cx=&#34;498.729&#34; cy=&#34;177.625&#34; rx=&#34;.75&#34; ry=&#34;1.25&#34;&gt;&lt;/ellipse&gt;&lt;ellipse cx=&#34;247.229&#34; cy=&#34;377.375&#34; rx=&#34;.75&#34; ry=&#34;1.25&#34;&gt;&lt;/ellipse&gt;&lt;/g&gt;&lt;/svg&gt;&lt;/p&gt;
&lt;p&gt;&lt;a class=&#34;link&#34; href=&#34;https://en.wikipedia.org/wiki/Canons_of_page_construction#Van_de_Graaf_canon&#34;  target=&#34;_blank&#34; rel=&#34;noopener&#34;
    &gt;The Van de Graaf Canon&lt;/a&gt;&lt;/p&gt;
&lt;h2 id=&#34;mane-refeci-capiebant-unda-mulcebat&#34;&gt;Mane refeci capiebant unda mulcebat
&lt;/h2&gt;&lt;p&gt;Victa caducifer, malo vulnere contra dicere aurato, ludit regale, voca! Retorsit colit est profanae esse virescere furit nec; iaculi matertera et visa est, viribus. Divesque creatis, tecta novat collumque vulnus est, parvas. &lt;strong&gt;Faces illo pepulere&lt;/strong&gt; tempus adest. Tendit flamma, ab opes virum sustinet, sidus sequendo urbis.&lt;/p&gt;
&lt;p&gt;Iubar proles corpore raptos vero auctor imperium; sed et huic: manus caeli Lelegas tu lux. Verbis obstitit intus oblectamina fixis linguisque ausus sperare Echionides cornuaque tenent clausit possit. Omnia putatur. Praeteritae refert ausus; ferebant e primus lora nutat, vici quae mea ipse. Et iter nil spectatae vulnus haerentia iuste et exercebat, sui et.&lt;/p&gt;
&lt;p&gt;Eurytus Hector, materna ipsumque ut Politen, nec, nate, ignari, vernum cohaesit sequitur. Vel &lt;strong&gt;mitis temploque&lt;/strong&gt; vocatus, inque alis, &lt;em&gt;oculos nomen&lt;/em&gt; non silvis corpore coniunx ne displicet illa. Crescunt non unus, vidit visa quantum inmiti flumina mortis facto sic: undique a alios vincula sunt iactata abdita! Suspenderat ego fuit tendit: luna, ante urbem Propoetides &lt;strong&gt;parte&lt;/strong&gt;.&lt;/p&gt;</description>
        </item>
        <item>
        <title>Math Typesetting</title>
        <link>http://localhost:1313/p/math-typesetting/</link>
        <pubDate>Fri, 08 Mar 2019 00:00:00 +0000</pubDate>
        
        <guid>http://localhost:1313/p/math-typesetting/</guid>
        <description>&lt;p&gt;Mathematical notation in a Hugo project can be enabled by using third party JavaScript libraries.&lt;/p&gt;
&lt;p&gt;In this example we will be using &lt;a class=&#34;link&#34; href=&#34;https://katex.org/&#34;  target=&#34;_blank&#34; rel=&#34;noopener&#34;
    &gt;KaTeX&lt;/a&gt;&lt;/p&gt;
&lt;ul&gt;
&lt;li&gt;Create a partial under &lt;code&gt;/layouts/partials/math.html&lt;/code&gt;&lt;/li&gt;
&lt;li&gt;Within this partial reference the &lt;a class=&#34;link&#34; href=&#34;https://katex.org/docs/autorender.html&#34;  target=&#34;_blank&#34; rel=&#34;noopener&#34;
    &gt;Auto-render Extension&lt;/a&gt; or host these scripts locally.&lt;/li&gt;
&lt;li&gt;Include the partial in your templates like so:&lt;/li&gt;
&lt;/ul&gt;
&lt;div class=&#34;highlight&#34;&gt;&lt;div class=&#34;chroma&#34;&gt;
&lt;table class=&#34;lntable&#34;&gt;&lt;tr&gt;&lt;td class=&#34;lntd&#34;&gt;
&lt;pre tabindex=&#34;0&#34; class=&#34;chroma&#34;&gt;&lt;code&gt;&lt;span class=&#34;lnt&#34;&gt;1
&lt;/span&gt;&lt;span class=&#34;lnt&#34;&gt;2
&lt;/span&gt;&lt;span class=&#34;lnt&#34;&gt;3
&lt;/span&gt;&lt;/code&gt;&lt;/pre&gt;&lt;/td&gt;
&lt;td class=&#34;lntd&#34;&gt;
&lt;pre tabindex=&#34;0&#34; class=&#34;chroma&#34;&gt;&lt;code class=&#34;language-bash&#34; data-lang=&#34;bash&#34;&gt;&lt;span class=&#34;line&#34;&gt;&lt;span class=&#34;cl&#34;&gt;&lt;span class=&#34;o&#34;&gt;{{&lt;/span&gt; &lt;span class=&#34;k&#34;&gt;if&lt;/span&gt; or .Params.math .Site.Params.math &lt;span class=&#34;o&#34;&gt;}}&lt;/span&gt;
&lt;/span&gt;&lt;/span&gt;&lt;span class=&#34;line&#34;&gt;&lt;span class=&#34;cl&#34;&gt;&lt;span class=&#34;o&#34;&gt;{{&lt;/span&gt; partial &lt;span class=&#34;s2&#34;&gt;&amp;#34;math.html&amp;#34;&lt;/span&gt; . &lt;span class=&#34;o&#34;&gt;}}&lt;/span&gt;
&lt;/span&gt;&lt;/span&gt;&lt;span class=&#34;line&#34;&gt;&lt;span class=&#34;cl&#34;&gt;&lt;span class=&#34;o&#34;&gt;{{&lt;/span&gt; end &lt;span class=&#34;o&#34;&gt;}}&lt;/span&gt;
&lt;/span&gt;&lt;/span&gt;&lt;/code&gt;&lt;/pre&gt;&lt;/td&gt;&lt;/tr&gt;&lt;/table&gt;
&lt;/div&gt;
&lt;/div&gt;&lt;ul&gt;
&lt;li&gt;To enable KaTeX globally set the parameter &lt;code&gt;math&lt;/code&gt; to &lt;code&gt;true&lt;/code&gt; in a project&amp;rsquo;s configuration&lt;/li&gt;
&lt;li&gt;To enable KaTeX on a per page basis include the parameter &lt;code&gt;math: true&lt;/code&gt; in content files&lt;/li&gt;
&lt;/ul&gt;
&lt;p&gt;&lt;strong&gt;Note:&lt;/strong&gt; Use the online reference of &lt;a class=&#34;link&#34; href=&#34;https://katex.org/docs/supported.html&#34;  target=&#34;_blank&#34; rel=&#34;noopener&#34;
    &gt;Supported TeX Functions&lt;/a&gt;&lt;/p&gt;

&lt;h3 id=&#34;examples&#34;&gt;Examples
&lt;/h3&gt;&lt;p&gt;Inline math: $\varphi = \dfrac{1+\sqrt5}{2}= 1.6180339887…$&lt;/p&gt;
$$
 \varphi = 1+\frac{1} {1+\frac{1} {1+\frac{1} {1+\cdots} } } 
$$</description>
        </item>
        <item>
        <title>Emoji Support</title>
        <link>http://localhost:1313/p/emoji-support/</link>
        <pubDate>Tue, 05 Mar 2019 00:00:00 +0000</pubDate>
        
        <guid>http://localhost:1313/p/emoji-support/</guid>
        <description>&lt;img src="http://localhost:1313/p/emoji-support/the-creative-exchange-d2zvqp3fpro-unsplash.jpg" alt="Featured image of post Emoji Support" /&gt;&lt;p&gt;Emoji can be enabled in a Hugo project in a number of ways.&lt;/p&gt;
&lt;p&gt;The &lt;a class=&#34;link&#34; href=&#34;https://gohugo.io/functions/emojify/&#34;  target=&#34;_blank&#34; rel=&#34;noopener&#34;
    &gt;&lt;code&gt;emojify&lt;/code&gt;&lt;/a&gt; function can be called directly in templates or &lt;a class=&#34;link&#34; href=&#34;https://gohugo.io/templates/shortcode-templates/#inline-shortcodes&#34;  target=&#34;_blank&#34; rel=&#34;noopener&#34;
    &gt;Inline Shortcodes&lt;/a&gt;.&lt;/p&gt;
&lt;p&gt;To enable emoji globally, set &lt;code&gt;enableEmoji&lt;/code&gt; to &lt;code&gt;true&lt;/code&gt; in your site&amp;rsquo;s &lt;a class=&#34;link&#34; href=&#34;https://gohugo.io/getting-started/configuration/&#34;  target=&#34;_blank&#34; rel=&#34;noopener&#34;
    &gt;configuration&lt;/a&gt; and then you can type emoji shorthand codes directly in content files; e.g.&lt;/p&gt;
&lt;p&gt;&lt;span class=&#34;nowrap&#34;&gt;&lt;span class=&#34;emojify&#34;&gt;🙈&lt;/span&gt; &lt;code&gt;:see_no_evil:&lt;/code&gt;&lt;/span&gt;  &lt;span class=&#34;nowrap&#34;&gt;&lt;span class=&#34;emojify&#34;&gt;🙉&lt;/span&gt; &lt;code&gt;:hear_no_evil:&lt;/code&gt;&lt;/span&gt;  &lt;span class=&#34;nowrap&#34;&gt;&lt;span class=&#34;emojify&#34;&gt;🙊&lt;/span&gt; &lt;code&gt;:speak_no_evil:&lt;/code&gt;&lt;/span&gt;&lt;/p&gt;
&lt;br&gt;
&lt;p&gt;The &lt;a class=&#34;link&#34; href=&#34;http://www.emoji-cheat-sheet.com/&#34;  target=&#34;_blank&#34; rel=&#34;noopener&#34;
    &gt;Emoji cheat sheet&lt;/a&gt; is a useful reference for emoji shorthand codes.&lt;/p&gt;
&lt;hr&gt;
&lt;p&gt;&lt;strong&gt;N.B.&lt;/strong&gt; The above steps enable Unicode Standard emoji characters and sequences in Hugo, however the rendering of these glyphs depends on the browser and the platform. To style the emoji you can either use a third party emoji font or a font stack; e.g.&lt;/p&gt;
&lt;div class=&#34;highlight&#34;&gt;&lt;div class=&#34;chroma&#34;&gt;
&lt;table class=&#34;lntable&#34;&gt;&lt;tr&gt;&lt;td class=&#34;lntd&#34;&gt;
&lt;pre tabindex=&#34;0&#34; class=&#34;chroma&#34;&gt;&lt;code&gt;&lt;span class=&#34;lnt&#34;&gt;1
&lt;/span&gt;&lt;span class=&#34;lnt&#34;&gt;2
&lt;/span&gt;&lt;span class=&#34;lnt&#34;&gt;3
&lt;/span&gt;&lt;/code&gt;&lt;/pre&gt;&lt;/td&gt;
&lt;td class=&#34;lntd&#34;&gt;
&lt;pre tabindex=&#34;0&#34; class=&#34;chroma&#34;&gt;&lt;code class=&#34;language-html&#34; data-lang=&#34;html&#34;&gt;&lt;span class=&#34;line&#34;&gt;&lt;span class=&#34;cl&#34;&gt;.emoji {
&lt;/span&gt;&lt;/span&gt;&lt;span class=&#34;line&#34;&gt;&lt;span class=&#34;cl&#34;&gt;  font-family: Apple Color Emoji, Segoe UI Emoji, NotoColorEmoji, Segoe UI Symbol, Android Emoji, EmojiSymbols;
&lt;/span&gt;&lt;/span&gt;&lt;span class=&#34;line&#34;&gt;&lt;span class=&#34;cl&#34;&gt;}&lt;/span&gt;&lt;/span&gt;&lt;/code&gt;&lt;/pre&gt;&lt;/td&gt;&lt;/tr&gt;&lt;/table&gt;
&lt;/div&gt;
&lt;/div&gt;</description>
        </item>
        <item>
        <title>About</title>
        <link>http://localhost:1313/about/</link>
        <pubDate>Thu, 28 Feb 2019 00:00:00 +0000</pubDate>
        
        <guid>http://localhost:1313/about/</guid>
        <description>&lt;p&gt;Written in Go, Hugo is an open source static site generator available under the &lt;a class=&#34;link&#34; href=&#34;https://github.com/gohugoio/hugo/blob/master/LICENSE&#34;  target=&#34;_blank&#34; rel=&#34;noopener&#34;
    &gt;Apache License 2.0.&lt;/a&gt; Hugo supports TOML, YAML and JSON data file types, Markdown and HTML content files and uses shortcodes to add rich content. Other notable features are taxonomies, multilingual mode, image processing, custom output formats, HTML/CSS/JS minification and support for Sass SCSS workflows.&lt;/p&gt;
&lt;p&gt;Hugo makes use of a variety of open source projects including:&lt;/p&gt;
&lt;ul&gt;
&lt;li&gt;&lt;a class=&#34;link&#34; href=&#34;https://github.com/yuin/goldmark&#34;  target=&#34;_blank&#34; rel=&#34;noopener&#34;
    &gt;https://github.com/yuin/goldmark&lt;/a&gt;&lt;/li&gt;
&lt;li&gt;&lt;a class=&#34;link&#34; href=&#34;https://github.com/alecthomas/chroma&#34;  target=&#34;_blank&#34; rel=&#34;noopener&#34;
    &gt;https://github.com/alecthomas/chroma&lt;/a&gt;&lt;/li&gt;
&lt;li&gt;&lt;a class=&#34;link&#34; href=&#34;https://github.com/muesli/smartcrop&#34;  target=&#34;_blank&#34; rel=&#34;noopener&#34;
    &gt;https://github.com/muesli/smartcrop&lt;/a&gt;&lt;/li&gt;
&lt;li&gt;&lt;a class=&#34;link&#34; href=&#34;https://github.com/spf13/cobra&#34;  target=&#34;_blank&#34; rel=&#34;noopener&#34;
    &gt;https://github.com/spf13/cobra&lt;/a&gt;&lt;/li&gt;
&lt;li&gt;&lt;a class=&#34;link&#34; href=&#34;https://github.com/spf13/viper&#34;  target=&#34;_blank&#34; rel=&#34;noopener&#34;
    &gt;https://github.com/spf13/viper&lt;/a&gt;&lt;/li&gt;
&lt;/ul&gt;
&lt;p&gt;Hugo is ideal for blogs, corporate websites, creative portfolios, online magazines, single page applications or even a website with thousands of pages.&lt;/p&gt;
&lt;p&gt;Hugo is for people who want to hand code their own website without worrying about setting up complicated runtimes, dependencies and databases.&lt;/p&gt;
&lt;p&gt;Websites built with Hugo are extremely fast, secure and can be deployed anywhere including, AWS, GitHub Pages, Heroku, Netlify and any other hosting provider.&lt;/p&gt;
&lt;p&gt;Learn more and contribute on &lt;a class=&#34;link&#34; href=&#34;https://github.com/gohugoio&#34;  target=&#34;_blank&#34; rel=&#34;noopener&#34;
    &gt;GitHub&lt;/a&gt;.&lt;/p&gt;
</description>
        </item>
        <item>
        <title></title>
        <link>http://localhost:1313/p/</link>
        <pubDate>Mon, 01 Jan 0001 00:00:00 +0000</pubDate>
        
        <guid>http://localhost:1313/p/</guid>
        <description></description>
        </item>
        <item>
        <title>Links</title>
        <link>http://localhost:1313/links/</link>
        <pubDate>Mon, 01 Jan 0001 00:00:00 +0000</pubDate>
        
        <guid>http://localhost:1313/links/</guid>
        <description>&lt;p&gt;To use this feature, add &lt;code&gt;links&lt;/code&gt; section to frontmatter.&lt;/p&gt;
&lt;p&gt;This page&amp;rsquo;s frontmatter:&lt;/p&gt;
&lt;div class=&#34;highlight&#34;&gt;&lt;div class=&#34;chroma&#34;&gt;
&lt;table class=&#34;lntable&#34;&gt;&lt;tr&gt;&lt;td class=&#34;lntd&#34;&gt;
&lt;pre tabindex=&#34;0&#34; class=&#34;chroma&#34;&gt;&lt;code&gt;&lt;span class=&#34;lnt&#34;&gt;1
&lt;/span&gt;&lt;span class=&#34;lnt&#34;&gt;2
&lt;/span&gt;&lt;span class=&#34;lnt&#34;&gt;3
&lt;/span&gt;&lt;span class=&#34;lnt&#34;&gt;4
&lt;/span&gt;&lt;span class=&#34;lnt&#34;&gt;5
&lt;/span&gt;&lt;span class=&#34;lnt&#34;&gt;6
&lt;/span&gt;&lt;span class=&#34;lnt&#34;&gt;7
&lt;/span&gt;&lt;span class=&#34;lnt&#34;&gt;8
&lt;/span&gt;&lt;span class=&#34;lnt&#34;&gt;9
&lt;/span&gt;&lt;/code&gt;&lt;/pre&gt;&lt;/td&gt;
&lt;td class=&#34;lntd&#34;&gt;
&lt;pre tabindex=&#34;0&#34; class=&#34;chroma&#34;&gt;&lt;code class=&#34;language-yaml&#34; data-lang=&#34;yaml&#34;&gt;&lt;span class=&#34;line&#34;&gt;&lt;span class=&#34;cl&#34;&gt;&lt;span class=&#34;nt&#34;&gt;links&lt;/span&gt;&lt;span class=&#34;p&#34;&gt;:&lt;/span&gt;&lt;span class=&#34;w&#34;&gt;
&lt;/span&gt;&lt;/span&gt;&lt;/span&gt;&lt;span class=&#34;line&#34;&gt;&lt;span class=&#34;cl&#34;&gt;&lt;span class=&#34;w&#34;&gt;  &lt;/span&gt;- &lt;span class=&#34;nt&#34;&gt;title&lt;/span&gt;&lt;span class=&#34;p&#34;&gt;:&lt;/span&gt;&lt;span class=&#34;w&#34;&gt; &lt;/span&gt;&lt;span class=&#34;l&#34;&gt;GitHub&lt;/span&gt;&lt;span class=&#34;w&#34;&gt;
&lt;/span&gt;&lt;/span&gt;&lt;/span&gt;&lt;span class=&#34;line&#34;&gt;&lt;span class=&#34;cl&#34;&gt;&lt;span class=&#34;w&#34;&gt;    &lt;/span&gt;&lt;span class=&#34;nt&#34;&gt;description&lt;/span&gt;&lt;span class=&#34;p&#34;&gt;:&lt;/span&gt;&lt;span class=&#34;w&#34;&gt; &lt;/span&gt;&lt;span class=&#34;l&#34;&gt;GitHub is the world&amp;#39;s largest software development platform.&lt;/span&gt;&lt;span class=&#34;w&#34;&gt;
&lt;/span&gt;&lt;/span&gt;&lt;/span&gt;&lt;span class=&#34;line&#34;&gt;&lt;span class=&#34;cl&#34;&gt;&lt;span class=&#34;w&#34;&gt;    &lt;/span&gt;&lt;span class=&#34;nt&#34;&gt;website&lt;/span&gt;&lt;span class=&#34;p&#34;&gt;:&lt;/span&gt;&lt;span class=&#34;w&#34;&gt; &lt;/span&gt;&lt;span class=&#34;l&#34;&gt;https://github.com&lt;/span&gt;&lt;span class=&#34;w&#34;&gt;
&lt;/span&gt;&lt;/span&gt;&lt;/span&gt;&lt;span class=&#34;line&#34;&gt;&lt;span class=&#34;cl&#34;&gt;&lt;span class=&#34;w&#34;&gt;    &lt;/span&gt;&lt;span class=&#34;nt&#34;&gt;image&lt;/span&gt;&lt;span class=&#34;p&#34;&gt;:&lt;/span&gt;&lt;span class=&#34;w&#34;&gt; &lt;/span&gt;&lt;span class=&#34;l&#34;&gt;https://github.githubassets.com/images/modules/logos_page/GitHub-Mark.png&lt;/span&gt;&lt;span class=&#34;w&#34;&gt;
&lt;/span&gt;&lt;/span&gt;&lt;/span&gt;&lt;span class=&#34;line&#34;&gt;&lt;span class=&#34;cl&#34;&gt;&lt;span class=&#34;w&#34;&gt;  &lt;/span&gt;- &lt;span class=&#34;nt&#34;&gt;title&lt;/span&gt;&lt;span class=&#34;p&#34;&gt;:&lt;/span&gt;&lt;span class=&#34;w&#34;&gt; &lt;/span&gt;&lt;span class=&#34;l&#34;&gt;TypeScript&lt;/span&gt;&lt;span class=&#34;w&#34;&gt;
&lt;/span&gt;&lt;/span&gt;&lt;/span&gt;&lt;span class=&#34;line&#34;&gt;&lt;span class=&#34;cl&#34;&gt;&lt;span class=&#34;w&#34;&gt;    &lt;/span&gt;&lt;span class=&#34;nt&#34;&gt;description&lt;/span&gt;&lt;span class=&#34;p&#34;&gt;:&lt;/span&gt;&lt;span class=&#34;w&#34;&gt; &lt;/span&gt;&lt;span class=&#34;l&#34;&gt;TypeScript is a typed superset of JavaScript that compiles to plain JavaScript.&lt;/span&gt;&lt;span class=&#34;w&#34;&gt;
&lt;/span&gt;&lt;/span&gt;&lt;/span&gt;&lt;span class=&#34;line&#34;&gt;&lt;span class=&#34;cl&#34;&gt;&lt;span class=&#34;w&#34;&gt;    &lt;/span&gt;&lt;span class=&#34;nt&#34;&gt;website&lt;/span&gt;&lt;span class=&#34;p&#34;&gt;:&lt;/span&gt;&lt;span class=&#34;w&#34;&gt; &lt;/span&gt;&lt;span class=&#34;l&#34;&gt;https://www.typescriptlang.org&lt;/span&gt;&lt;span class=&#34;w&#34;&gt;
&lt;/span&gt;&lt;/span&gt;&lt;/span&gt;&lt;span class=&#34;line&#34;&gt;&lt;span class=&#34;cl&#34;&gt;&lt;span class=&#34;w&#34;&gt;    &lt;/span&gt;&lt;span class=&#34;nt&#34;&gt;image&lt;/span&gt;&lt;span class=&#34;p&#34;&gt;:&lt;/span&gt;&lt;span class=&#34;w&#34;&gt; &lt;/span&gt;&lt;span class=&#34;l&#34;&gt;ts-logo-128.jpg&lt;/span&gt;&lt;span class=&#34;w&#34;&gt;
&lt;/span&gt;&lt;/span&gt;&lt;/span&gt;&lt;/code&gt;&lt;/pre&gt;&lt;/td&gt;&lt;/tr&gt;&lt;/table&gt;
&lt;/div&gt;
&lt;/div&gt;&lt;p&gt;&lt;code&gt;image&lt;/code&gt; field accepts both local and external images.&lt;/p&gt;
</description>
        </item>
        <item>
        <title>Search</title>
        <link>http://localhost:1313/search/</link>
        <pubDate>Mon, 01 Jan 0001 00:00:00 +0000</pubDate>
        
        <guid>http://localhost:1313/search/</guid>
        <description></description>
        </item>
        
    </channel>
</rss>
