<?xml version="1.0" encoding="utf-8" standalone="yes"?>
<rss version="2.0" xmlns:atom="http://www.w3.org/2005/Atom">
    <channel>
        <title>Pages on 演示站点</title>
        <link>http://localhost:1313/zh-cn/page/</link>
        <description>Recent content in Pages on 演示站点</description>
        <generator>Hugo -- gohugo.io</generator>
        <language>zh-cn</language>
        <copyright>Example Person</copyright><atom:link href="http://localhost:1313/zh-cn/page/index.xml" rel="self" type="application/rss+xml" /><item>
        <title>关于</title>
        <link>http://localhost:1313/zh-cn/%E5%85%B3%E4%BA%8E/</link>
        <pubDate>Mon, 01 Jan 0001 00:00:00 +0000</pubDate>
        
        <guid>http://localhost:1313/zh-cn/%E5%85%B3%E4%BA%8E/</guid>
        <description>&lt;p&gt;This is a test page for i18n support.&lt;/p&gt;
</description>
        </item>
        
    </channel>
</rss>
