<?xml version="1.0" encoding="utf-8" standalone="yes"?>
<rss version="2.0" xmlns:atom="http://www.w3.org/2005/Atom">
    <channel>
        <title>نص on موقع تجريبي</title>
        <link>http://localhost:1313/ar/tags/%D9%86%D8%B5/</link>
        <description>Recent content in نص on موقع تجريبي</description>
        <generator>Hugo -- gohugo.io</generator>
        <language>ar</language>
        <copyright>Example Person</copyright>
        <lastBuildDate>Sat, 09 Mar 2019 00:00:00 +0000</lastBuildDate><atom:link href="http://localhost:1313/ar/tags/%D9%86%D8%B5/index.xml" rel="self" type="application/rss+xml" /><item>
        <title>مثال نص</title>
        <link>http://localhost:1313/ar/p/%D9%85%D8%AB%D8%A7%D9%84-%D9%86%D8%B5/</link>
        <pubDate>Sat, 09 Mar 2019 00:00:00 +0000</pubDate>
        
        <guid>http://localhost:1313/ar/p/%D9%85%D8%AB%D8%A7%D9%84-%D9%86%D8%B5/</guid>
        <description>&lt;img src="http://localhost:1313/p/placeholder-text/matt-le-SJSpo9hQf7s-unsplash.jpg" alt="Featured image of post مثال نص" /&gt;&lt;h2 id=&#34;فقرة-1&#34;&gt;فقرة 1
&lt;/h2&gt;&lt;p&gt;هذا النص هو مثال لنص يمكن أن يستبدل في نفس المساحة، لقد تم توليد هذا النص من &lt;a class=&#34;link&#34; href=&#34;https://colorslab.com/textgator/&#34;  target=&#34;_blank&#34; rel=&#34;noopener&#34;
    &gt;مولد النص العربى&lt;/a&gt;، حيث يمكنك أن تولد مثل هذا النص أو العديد من النصوص الأخرى إضافة إلى زيادة عدد الحروف التى يولدها التطبيق.
إذا كنت تحتاج إلى عدد أكبر من الفقرات يتيح لك مولد النص العربى زيادة عدد الفقرات كما تريد، النص لن يبدو مقسما ولا يحوي أخطاء لغوية، مولد النص العربى مفيد لمصممي المواقع على وجه الخصوص، حيث يحتاج العميل فى كثير من الأحيان أن يطلع على صورة حقيقية لتصميم الموقع.
ومن هنا وجب على المصمم أن يضع نصوصا مؤقتة على التصميم ليظهر للعميل الشكل كاملاً،دور مولد النص العربى أن يوفر على المصمم عناء البحث عن نص بديل لا علاقة له بالموضوع الذى يتحدث عنه التصميم فيظهر بشكل لا يليق.
هذا النص يمكن أن يتم تركيبه على أي تصميم دون مشكلة فلن يبدو وكأنه نص منسوخ، غير منظم، غير منسق، أو حتى غير مفهوم. لأنه مازال نصاً بديلاً ومؤقتاً.&lt;/p&gt;
&lt;h2 id=&#34;فقرة-2&#34;&gt;فقرة 2
&lt;/h2&gt;&lt;p&gt;هذا النص هو مثال لنص يمكن أن يستبدل في نفس المساحة، لقد تم توليد هذا النص من &lt;a class=&#34;link&#34; href=&#34;https://colorslab.com/textgator/&#34;  target=&#34;_blank&#34; rel=&#34;noopener&#34;
    &gt;مولد النص العربى&lt;/a&gt;، حيث يمكنك أن تولد مثل هذا النص أو العديد من النصوص الأخرى إضافة إلى زيادة عدد الحروف التى يولدها التطبيق.
إذا كنت تحتاج إلى عدد أكبر من الفقرات يتيح لك مولد النص العربى زيادة عدد الفقرات كما تريد، النص لن يبدو مقسما ولا يحوي أخطاء لغوية، مولد النص العربى مفيد لمصممي المواقع على وجه الخصوص، حيث يحتاج العميل فى كثير من الأحيان أن يطلع على صورة حقيقية لتصميم الموقع.
ومن هنا وجب على المصمم أن يضع نصوصا مؤقتة على التصميم ليظهر للعميل الشكل كاملاً،دور مولد النص العربى أن يوفر على المصمم عناء البحث عن نص بديل لا علاقة له بالموضوع الذى يتحدث عنه التصميم فيظهر بشكل لا يليق.
هذا النص يمكن أن يتم تركيبه على أي تصميم دون مشكلة فلن يبدو وكأنه نص منسوخ، غير منظم، غير منسق، أو حتى غير مفهوم. لأنه مازال نصاً بديلاً ومؤقتاً.&lt;/p&gt;
&lt;h2 id=&#34;تجربة-rtl&#34;&gt;تجربة RTL
&lt;/h2&gt;&lt;p&gt;كلمة 1 Text كلمة 2&lt;/p&gt;
</description>
        </item>
        
    </channel>
</rss>
