<?xml version="1.0" encoding="utf-8" standalone="yes"?>
<rss version="2.0" xmlns:atom="http://www.w3.org/2005/Atom">
    <channel>
        <title>Tags on 演示站点</title>
        <link>http://localhost:1313/zh-cn/tags/</link>
        <description>Recent content in Tags on 演示站点</description>
        <generator>Hugo -- gohugo.io</generator>
        <language>zh-cn</language>
        <copyright>Example Person</copyright><atom:link href="http://localhost:1313/zh-cn/tags/index.xml" rel="self" type="application/rss+xml" />
    </channel>
</rss>
