<?xml version="1.0" encoding="utf-8" standalone="yes"?>
<rss version="2.0" xmlns:atom="http://www.w3.org/2005/Atom">
    <channel>
        <title>Tags on موقع تجريبي</title>
        <link>http://localhost:1313/ar/tags/</link>
        <description>Recent content in Tags on موقع تجريبي</description>
        <generator>Hugo -- gohugo.io</generator>
        <language>ar</language>
        <copyright>Example Person</copyright>
        <lastBuildDate>Sat, 09 Mar 2019 00:00:00 +0000</lastBuildDate><atom:link href="http://localhost:1313/ar/tags/index.xml" rel="self" type="application/rss+xml" /><item>
        <title>ماركداون</title>
        <link>http://localhost:1313/ar/tags/%D9%85%D8%A7%D8%B1%D9%83%D8%AF%D8%A7%D9%88%D9%86/</link>
        <pubDate>Sat, 09 Mar 2019 00:00:00 +0000</pubDate>
        
        <guid>http://localhost:1313/ar/tags/%D9%85%D8%A7%D8%B1%D9%83%D8%AF%D8%A7%D9%88%D9%86/</guid>
        <description></description>
        </item>
        <item>
        <title>نص</title>
        <link>http://localhost:1313/ar/tags/%D9%86%D8%B5/</link>
        <pubDate>Sat, 09 Mar 2019 00:00:00 +0000</pubDate>
        
        <guid>http://localhost:1313/ar/tags/%D9%86%D8%B5/</guid>
        <description></description>
        </item>
        <item>
        <title>وسم مع فراغات</title>
        <link>http://localhost:1313/ar/tags/%D9%88%D8%B3%D9%85-%D9%85%D8%B9-%D9%81%D8%B1%D8%A7%D8%BA%D8%A7%D8%AA/</link>
        <pubDate>Sat, 09 Mar 2019 00:00:00 +0000</pubDate>
        
        <guid>http://localhost:1313/ar/tags/%D9%88%D8%B3%D9%85-%D9%85%D8%B9-%D9%81%D8%B1%D8%A7%D8%BA%D8%A7%D8%AA/</guid>
        <description></description>
        </item>
        
    </channel>
</rss>
